risk_id,value,change,type,streak,event
1,5.31,0,,0,
2,18.76,0,,0,
3,78.81,0,,0,
1,5.17,-2.7,1,1,
2,17.6,-6.2,1,1,
3,86.14,9.3,0,1,
1,5.21,0.8,0,1,
2,18.67,6.1,0,1,
3,95.1,10.4,0,2,
1,5.2,-0.2,1,1,
2,18.65,-0.1,1,1,
3,87.21,-8.3,1,1,
1,5.35,2.8,0,1,
2,17.87,-4.2,1,2,
3,95.67,9.7,0,1,
1,5.33,-0.4,1,1,
2,19.16,7.2,0,1,
3,88.21,-7.8,1,1,crash:5
1,5.2,-2.5,1,2,
2,19.49,1.7,0,2,
3,82.3,-6.7,1,1,crash:4
1,5.35,2.8,0,1,
2,18.48,-5.2,1,1,
3,77.69,-5.6,1,1,crash:3
1,5.49,2.6,0,2,
2,17.2,-6.9,1,2,
3,71.16,-8.4,1,1,crash:2
1,5.62,2.3,0,3,
2,17.65,2.6,0,1,
3,64.97,-8.7,1,1,crash:1
1,5.54,-1.5,1,1,
2,18.76,6.3,0,2,
3,72.77,12.0,0,1,
1,5.56,0.3,0,1,
2,17.54,-6.5,1,1,
3,78.66,8.1,0,2,
1,5.59,0.6,0,2,
2,17.07,-2.7,1,2,
3,86.21,9.6,0,3,
1,5.72,2.3,0,3,
2,16.8,-1.6,1,3,
3,93.19,8.1,0,4,
1,5.89,3.0,0,4,
2,17.82,6.1,0,1,
3,98.32,5.5,0,5,
1,5.72,-2.9,1,1,
2,17.0,-4.6,1,1,
3,89.96,-8.5,1,1,
1,5.73,0.1,0,1,
2,17.87,5.1,0,1,
3,82.49,-8.3,1,2,
1,5.77,0.7,0,2,
2,17.74,-0.7,1,1,
3,76.22,-7.6,1,3,
1,5.85,1.4,0,3,
2,17.4,-1.9,1,2,
3,83.08,9.0,0,1,
1,5.7,-2.6,1,1,
2,18.41,5.8,0,1,
3,78.18,-5.9,1,1,crash:5
1,5.79,1.6,0,1,
2,18.69,1.5,0,2,
3,73.25,-6.3,1,1,crash:4
1,5.73,-1.1,1,1,
2,18.5,-1.0,1,1,
3,67.54,-7.8,1,1,crash:3
1,5.83,1.7,0,1,
2,18.87,2.0,0,1,
3,62.14,-8.0,1,1,crash:2
1,5.76,-1.2,1,1,
2,17.76,-5.9,1,1,
3,58.41,-6.0,1,1,crash:1
1,5.81,0.8,0,1,
2,17.21,-3.1,1,2,
3,63.14,8.1,0,1,
1,5.9,1.5,0,2,
2,16.61,-3.5,1,3,
3,69.26,9.7,0,2,
1,5.91,0.2,0,3,
2,16.16,-2.7,1,4,
3,76.6,10.6,0,3,
1,6.0,1.5,0,4,
2,14.98,-7.3,1,5,
3,71.24,-7.0,1,1,
1,6.11,1.9,0,5,
2,16.0,6.8,0,1,
3,65.9,-7.5,1,2,
1,6.07,-0.7,1,1,
2,14.88,-7.0,1,1,
3,62.01,-5.9,1,3,
1,6.15,1.4,0,1,
2,15.31,2.9,0,1,
3,68.89,11.1,0,1,
1,6.0,-2.4,1,1,
2,16.08,5.0,0,2,
3,76.33,10.8,0,2,
1,6.07,1.2,0,1,
2,16.58,3.1,0,3,
3,81.52,6.8,0,3,
1,5.99,-1.4,1,1,
2,17.67,6.6,0,4,
3,73.37,-10.0,1,1,
1,5.83,-2.6,1,2,
2,18.64,5.5,0,5,
3,79.53,8.4,0,1,
1,5.87,0.7,0,1,
2,17.52,-6.0,1,1,
3,71.9,-9.6,1,1,
1,5.91,0.6,0,2,
2,17.99,2.7,0,1,
3,67.08,-6.7,1,2,
1,5.74,-2.8,1,1,
2,19.21,6.8,0,2,
3,74.12,10.5,0,1,
1,5.6,-2.4,1,2,
2,18.48,-3.8,1,1,
3,67.6,-8.8,1,1,
1,5.68,1.5,0,1,
2,18.13,-1.9,1,2,
3,71.39,5.6,0,1,
1,5.79,2.0,0,2,
2,19.04,5.0,0,1,
3,66.61,-6.7,1,1,
1,5.95,2.7,0,3,
2,18.81,-1.2,1,1,
3,61.55,-7.6,1,2,
1,5.78,-2.9,1,1,
2,17.55,-6.7,1,2,
3,57.92,-5.9,1,3,
1,5.65,-2.2,1,2,
2,17.04,-2.9,1,3,
3,60.87,5.1,0,3,break:5
1,5.54,-1.9,1,3,
2,16.05,-5.8,1,4,
3,65.13,7.0,0,3,break:4
1,5.57,0.6,0,1,
2,15.57,-3.0,1,5,
3,70.34,8.0,0,3,break:3
1,5.69,2.1,0,2,
2,15.15,-2.7,1,6,
3,78.5,11.6,0,3,break:2
1,5.67,-0.3,1,1,
2,14.62,-3.5,1,7,
3,86.98,10.8,0,3,break:1
1,5.84,3.0,0,1,
2,14.65,0.2,0,1,
3,80.89,-7.0,1,1,
1,5.91,1.2,0,2,
2,14.44,-1.4,1,1,
3,76.36,-5.6,1,2,
1,5.82,-1.6,1,1,
2,13.5,-6.5,1,2,
3,69.03,-9.6,1,3,
1,5.94,2.0,0,1,
2,13.74,1.8,0,1,
3,64.06,-7.2,1,4,
1,5.86,-1.3,1,1,
2,13.04,-5.1,1,1,
3,69.83,9.0,0,1,
1,5.98,2.1,0,1,
2,13.14,0.8,0,1,
3,77.09,10.4,0,2,
1,5.96,-0.3,1,1,
2,13.89,5.7,0,2,
3,73.24,-5.0,1,2,crash:5
1,6.0,0.7,0,1,
2,14.02,0.9,0,3,
3,66.06,-9.8,1,2,crash:4
1,6.1,1.6,0,2,
2,14.31,2.1,0,4,
3,59.72,-9.6,1,2,crash:3
1,6.01,-1.5,1,1,
2,15.1,5.5,0,5,
3,56.38,-5.6,1,2,crash:2
1,5.85,-2.6,1,2,
2,15.4,2.0,0,6,
3,50.97,-9.6,1,2,crash:1
1,5.91,1.0,0,1,
2,15.51,0.7,0,7,
3,47.3,-7.2,1,3,
1,6.01,1.7,0,2,
2,16.66,7.4,0,8,
3,42.81,-9.5,1,4,
1,5.85,-2.7,1,1,
2,17.23,3.4,0,9,
3,47.39,10.7,0,1,
1,5.97,2.0,0,1,
2,18.28,6.1,0,10,
3,43.5,-8.2,1,1,
1,5.83,-2.3,1,1,
2,19.07,4.3,0,11,
3,47.02,8.1,0,1,
1,5.9,1.2,0,1,
2,18.99,-0.4,1,1,
3,44.15,-6.1,1,1,crash:5
1,5.79,-1.8,1,1,
2,18.27,-3.8,1,2,
3,40.57,-8.1,1,1,crash:4
1,5.81,0.4,0,1,
2,17.23,-5.7,1,3,
3,37.36,-7.9,1,1,crash:3
1,5.98,2.9,0,2,
2,16.9,-1.9,1,4,
3,34.45,-7.8,1,1,crash:2
1,6.03,0.8,0,3,
2,17.41,3.0,0,1,
3,32.04,-7.0,1,1,crash:1
1,6.01,-0.3,1,1,
2,18.49,6.2,0,2,
3,33.9,5.8,0,1,
1,6.15,2.3,0,1,
2,17.14,-7.3,1,1,
3,37.76,11.4,0,2,
1,6.18,0.5,0,2,
2,17.21,0.4,0,1,
3,34.47,-8.7,1,1,
1,6.29,1.8,0,3,
2,18.17,5.6,0,2,
3,37.26,8.1,0,1,
1,6.21,-1.2,1,1,
2,19.3,6.2,0,3,
3,34.17,-8.3,1,1,
1,6.38,2.8,0,1,
2,20.46,6.0,0,4,
3,30.79,-9.9,1,2,
1,6.21,-2.6,1,1,
2,21.14,3.3,0,5,
3,32.98,7.1,0,1,
1,6.34,2.1,0,1,
2,20.93,-1.0,1,1,
3,36.25,9.9,0,2,
1,6.17,-2.7,1,1,
2,22.37,6.9,0,1,
3,40.35,11.3,0,3,
1,6.27,1.7,0,1,
2,20.8,-7.0,1,1,
3,38.25,-5.2,1,1,
1,6.23,-0.6,1,1,
2,20.88,0.4,0,1,
3,35.57,-7.0,1,2,
1,6.3,1.2,0,1,
2,20.11,-3.7,1,1,
3,32.58,-8.4,1,3,
1,6.18,-1.9,1,1,
2,18.88,-6.1,1,2,
3,35.84,10.0,0,1,
1,6.22,0.7,0,1,
2,17.65,-6.5,1,3,
3,38.99,8.8,0,2,
1,6.18,-0.6,1,1,
2,18.62,5.5,0,1,
3,41.68,6.9,0,3,
1,6.25,1.1,0,1,
2,19.68,5.7,0,2,
3,38.39,-7.9,1,1,
1,6.12,-2.0,1,1,
2,18.64,-5.3,1,1,
3,34.86,-9.2,1,2,
1,6.14,0.3,0,1,
2,17.43,-6.5,1,2,
3,36.81,5.6,0,1,
1,6.12,-0.3,1,1,
2,18.63,6.9,0,1,
3,33.31,-9.5,1,1,
1,6.3,3.0,0,1,
2,19.3,3.6,0,2,
3,30.75,-7.7,1,2,
1,6.12,-2.8,1,1,
2,18.39,-4.7,1,1,
3,32.29,5.0,0,1,
1,6.08,-0.6,1,2,
2,19.44,5.7,0,1,
3,30.06,-6.9,1,1,
1,6.26,2.9,0,1,
2,20.04,3.1,0,2,
3,27.5,-8.5,1,2,
1,6.15,-1.7,1,1,
2,20.02,-0.1,1,1,
3,25.57,-7.0,1,3,
1,6.05,-1.6,1,2,
2,20.72,3.5,0,1,
3,23.78,-7.0,1,4,
1,5.9,-2.5,1,3,
2,21.34,3.0,0,2,
3,26.44,11.2,0,1,
1,5.98,1.3,0,1,
2,21.89,2.6,0,3,
3,24.43,-7.6,1,1,
1,5.93,-0.8,1,1,
2,22.66,3.5,0,4,
3,26.65,9.1,0,1,
1,6.0,1.1,0,1,
2,24.09,6.3,0,5,
3,28.14,5.6,0,2,
1,6.05,0.9,0,2,
2,24.69,2.5,0,6,
3,30.22,7.4,0,3,
1,6.1,0.8,0,3,
2,26.34,6.7,0,7,
3,28.35,-6.2,1,1,
1,6.03,-1.1,1,1,
2,27.6,4.8,0,8,
3,26.9,-5.1,1,2,
1,6.16,2.2,0,1,
2,29.06,5.3,0,9,
3,25.42,-5.5,1,3,
1,5.99,-2.8,1,1,
2,29.73,2.3,0,10,
3,27.25,7.2,0,1,
1,5.88,-1.8,1,2,
2,30.12,1.3,0,11,
3,25.15,-7.7,1,1,
1,5.96,1.4,0,1,
2,30.18,0.2,0,12,
3,23.67,-5.9,1,2,
1,5.78,-3.0,1,1,
2,31.63,4.8,0,13,
3,25.35,7.1,0,1,
1,5.88,1.8,0,1,
2,31.98,1.1,0,14,
3,23.14,-8.7,1,1,
1,5.93,0.9,0,2,
2,30.48,-4.7,1,1,
3,25.04,8.2,0,1,
1,5.85,-1.4,1,1,
2,29.32,-3.8,1,2,
3,27.77,10.9,0,2,
1,5.72,-2.2,1,2,
2,27.77,-5.3,1,3,
3,26.16,-5.8,1,1,
1,5.68,-0.7,1,3,
2,26.8,-3.5,1,4,
3,24.43,-6.6,1,2,
1,5.84,2.9,0,1,
2,25.51,-4.8,1,5,
3,26.8,9.7,0,1,
1,5.73,-1.9,1,1,
2,25.15,-1.4,1,6,
3,24.55,-8.4,1,1,
1,5.76,0.5,0,1,
2,26.31,4.6,0,1,
3,27.08,10.3,0,1,
1,5.89,2.2,0,2,
2,25.84,-1.8,1,1,
3,25.43,-6.1,1,1,
1,6.03,2.4,0,3,
2,25.68,-0.6,1,2,
3,28.56,12.3,0,1,
1,6.13,1.6,0,4,
2,26.86,4.6,0,1,
3,30.44,6.6,0,2,
1,6.14,0.2,0,5,
2,25.01,-6.9,1,1,
3,27.43,-9.9,1,1,
1,6.02,-2.0,1,1,
2,23.31,-6.8,1,2,
3,25.46,-7.2,1,2,
1,6.19,2.8,0,1,
2,23.94,2.7,0,1,
3,23.4,-8.1,1,3,
1,6.22,0.5,0,2,
2,24.28,1.4,0,2,
3,21.48,-8.2,1,4,
1,6.34,2.0,0,3,
2,23.04,-5.1,1,1,
3,23.74,10.5,0,1,
1,6.25,-1.4,1,1,
2,21.43,-7.0,1,2,
3,25.19,6.1,0,2,
1,6.33,1.3,0,1,
2,22.97,7.2,0,1,
3,26.47,5.1,0,3,
1,6.18,-2.3,1,1,
2,24.49,6.6,0,2,
3,27.95,5.6,0,4,
1,6.33,2.5,0,1,
2,26.06,6.4,0,3,
3,26.52,-5.1,1,1,
1,6.17,-2.5,1,1,
2,27.15,4.2,0,4,
3,24.16,-8.9,1,2,
1,6.18,0.1,0,1,
2,28.97,6.7,0,5,
3,25.71,6.4,0,1,
1,6.11,-1.1,1,1,
2,27.0,-6.8,1,1,
3,24.04,-6.5,1,1,
1,6.26,2.5,0,1,
2,26.46,-2.0,1,2,
3,22.09,-8.1,1,2,
1,6.27,0.2,0,2,
2,27.65,4.5,0,1,
3,23.55,6.6,0,1,
1,6.42,2.4,0,3,
2,26.57,-3.9,1,1,
3,25.62,8.8,0,2,
1,6.45,0.5,0,4,
2,28.14,5.9,0,1,
3,23.47,-8.4,1,1,
1,6.28,-2.7,1,1,
2,29.74,5.7,0,2,
3,22.27,-5.1,1,2,
1,6.35,1.1,0,1,
2,31.94,7.4,0,3,
3,21.09,-5.3,1,3,
1,6.48,2.1,0,2,
2,30.85,-3.4,1,1,
3,19.09,-9.5,1,4,
1,6.45,-0.4,1,1,
2,28.63,-7.2,1,2,
3,20.54,7.6,0,1,
1,6.27,-2.8,1,2,
2,28.4,-0.8,1,3,
3,22.22,8.2,0,2,
1,6.31,0.7,0,1,
2,30.02,5.7,0,1,
3,20.04,-9.8,1,1,
1,6.41,1.6,0,2,
2,30.29,0.9,0,2,
3,21.92,9.4,0,1,
1,6.57,2.5,0,3,
2,30.62,1.1,0,3,
3,23.21,5.9,0,2,
1,6.39,-2.8,1,1,
2,29.27,-4.4,1,1,
3,25.18,8.5,0,3,
1,6.26,-2.1,1,2,
2,28.42,-2.9,1,2,
3,23.34,-7.3,1,1,
1,6.28,0.3,0,1,
2,27.77,-2.3,1,3,
3,21.29,-8.8,1,2,
1,6.12,-2.6,1,1,
2,26.16,-5.8,1,4,
3,23.08,8.4,0,1,
1,6.19,1.1,0,1,
2,27.0,3.2,0,1,
3,25.53,10.6,0,2,
1,6.04,-2.5,1,1,
2,25.7,-4.8,1,1,
3,26.93,5.5,0,3,
1,6.14,1.6,0,1,
2,24.0,-6.6,1,2,
3,24.64,-8.5,1,1,
1,6.05,-1.4,1,1,
2,24.86,3.6,0,1,
3,27.38,11.1,0,1,
1,6.13,1.3,0,1,
2,23.14,-6.9,1,1,
3,30.15,10.1,0,2,
1,6.03,-1.6,1,1,
2,22.17,-4.2,1,2,
3,32.8,8.8,0,3,
1,6.1,1.1,0,1,
2,21.08,-4.9,1,3,
3,35.69,8.8,0,4,
1,6.14,0.6,0,2,
2,20.38,-3.3,1,4,
3,32.62,-8.6,1,1,
1,6.2,1.0,0,3,
2,19.77,-3.0,1,5,
3,30.79,-5.6,1,2,
1,6.26,0.9,0,4,
2,18.92,-4.3,1,6,
3,28.23,-8.3,1,3,
1,6.3,0.6,0,5,
2,17.61,-6.9,1,7,
3,26.23,-7.1,1,4,
1,6.2,-1.6,1,1,
2,17.79,1.0,0,1,
3,29.19,11.3,0,1,
1,6.36,2.6,0,1,
2,16.65,-6.4,1,1,
3,26.45,-9.4,1,1,
1,6.35,-0.2,1,1,
2,16.0,-3.9,1,2,
3,24.25,-8.3,1,2,
1,6.44,1.4,0,1,
2,16.1,0.6,0,1,
3,21.99,-9.3,1,3,
1,6.34,-1.6,1,1,
2,15.94,-1.0,1,1,
3,24.17,9.9,0,1,
1,6.42,1.2,0,1,
2,14.76,-7.4,1,2,
3,26.06,7.8,0,2,
1,6.41,-0.2,1,1,
2,14.1,-4.5,1,3,
3,24.39,-6.4,1,1,
1,6.45,0.7,0,1,
2,14.17,0.5,0,1,
3,22.49,-7.8,1,2,
1,6.37,-1.2,1,1,
2,14.71,3.8,0,2,
3,24.99,11.1,0,1,
1,6.38,0.1,0,1,
2,14.65,-0.4,1,1,
3,22.77,-8.9,1,1,
1,6.28,-1.5,1,1,
2,14.25,-2.7,1,2,
3,21.38,-6.1,1,2,
1,6.41,2.0,0,1,
2,13.98,-1.9,1,3,
3,19.58,-8.4,1,3,
1,6.42,0.2,0,2,
2,14.57,4.2,0,1,
3,18.07,-7.7,1,4,
1,6.29,-2.0,1,1,
2,14.88,2.1,0,2,
3,16.77,-7.2,1,5,
1,6.17,-1.9,1,2,
2,15.1,1.5,0,3,
3,18.36,9.5,0,1,
1,6.06,-1.8,1,3,
2,14.38,-4.8,1,1,
3,20.43,11.3,0,2,
1,6.16,1.7,0,1,
2,15.29,6.3,0,1,
3,22.33,9.3,0,3,
1,6.03,-2.1,1,1,
2,15.73,2.9,0,2,
3,20.61,-7.7,1,1,
1,6.02,-0.2,1,2,
2,14.68,-6.7,1,1,
3,22.67,10.0,0,1,
1,6.1,1.3,0,1,
2,14.37,-2.1,1,2,
3,23.89,5.4,0,2,
1,5.96,-2.3,1,1,
2,13.97,-2.8,1,3,
3,22.22,-7.0,1,1,
1,6.11,2.6,0,1,
2,12.96,-7.2,1,4,
3,20.84,-6.2,1,2,
1,6.23,1.9,0,2,
2,13.39,3.3,0,1,
3,18.8,-9.8,1,2,crash:5
1,6.11,-1.9,1,1,
2,13.34,-0.4,1,1,
3,17.65,-6.1,1,2,crash:4
1,6.2,1.4,0,1,
2,13.99,4.9,0,1,
3,16.47,-6.7,1,2,crash:3
1,6.01,-3.0,1,1,
2,12.95,-7.4,1,1,
3,14.87,-9.7,1,2,crash:2
